{
    "PortfolioData":[
        {
            "image":"btc.png",
            "coin_name":"btc",
            "current_price":"894023566855 5955",
            "sub_name":"bitcoin",
            "qty":"2",
            "total":"894023566855 5955"
        },
        {
            "image":"neo.png",
            "coin_name":"neo",
            "current_price":"894023566855 5955",
            "sub_name":"neo",
            "qty":"2",
            "total":"894023566855 5955"
        },
        {
            "image":"dash.png",
            "coin_name":"dash",
            "current_price":"894023566855 5955",
            "sub_name":"dash",
            "qty":"2",
            "total":"894023566855 5955"
        } ,
        {
            "image":"zcash.png",
            "coin_name":"ZCash",
            "current_price":"894023566855 5955",
            "sub_name":"ZCash",
            "qty":"2",
            "total":"894023566855 5955"
        } ,
        {
            "image":"shib.png",
            "coin_name":"shib",
            "current_price":"894023566855 5955",
            "sub_name":"shib",
            "qty":"2",
            "total":"894023566855 5955"
        } 
    ],
    "Deposit_HistoryData":[
        {
            "currency":"inr",
            "type":"bank",
            "amount":"500",
            "wallet_address":"-",
            "status":"pending",
            "time":"2022-04-01, 12:45:29 am"
        },
        {
            "currency":"inr",
            "type":"bank",
            "amount":"500",
            "wallet_address":"-",
            "status":"pending",
            "time":"2022-04-01, 12:45:29 am"
        },
        {
            "currency":"inr",
            "type":"bank",
            "amount":"500",
            "wallet_address":"-",
            "status":"pending",
            "time":"2022-04-01, 12:45:29 am"
        },
        {
            "currency":"inr",
            "type":"bank",
            "amount":"500",
            "wallet_address":"-",
            "status":"pending",
            "time":"2022-04-01, 12:45:29 am"
        },
        {
            "currency":"inr",
            "type":"bank",
            "amount":"500",
            "wallet_address":"-",
            "status":"pending",
            "time":"2022-04-01, 12:45:29 am"
        }
    ],
    "Widthraw_HistoryData":[
        {
            "currency":"inr",
            "type":"bank",
            "amount":"500",
            "token_address":"-",
            "status":"pending",
            "time":"2022-04-01, 12:45:29 am"
        },
        {
            "currency":"inr",
            "type":"bank",
            "amount":"500",
            "token_address":"-",
            "status":"pending",
            "time":"2022-04-01, 12:45:29 am"
        },
        {
            "currency":"inr",
            "type":"bank",
            "amount":"500",
            "token_address":"-",
            "status":"pending",
            "time":"2022-04-01, 12:45:29 am"
        },
        {
            "currency":"inr",
            "type":"bank",
            "amount":"500",
            "token_address":"-",
            "status":"pending",
            "time":"2022-04-01, 12:45:29 am"
        },
        {
            "currency":"inr",
            "type":"bank",
            "amount":"500",
            "token_address":"-",
            "status":"pending",
            "time":"2022-04-01, 12:45:29 am"
        }
    ],
    "Spot_HistoryData":[
        {
            "image":"btc.png",
            "currency":"BTC/USDT",   
            "quantity":"10 BTC",
            "Failed":"10.000",
            "price":"0.4551",
            "cur_price":"0.452",
            "date":"2022-04-01",
            "time":"12:45:29 am",
            "status":"Open"

        },
        {
            "image":"btc.png",
            "currency":"BTC/USDT",   
            "quantity":"10 BTC",
            "Failed":"10.000",
            "price":"0.4551",
            "cur_price":"0.452",
            "date":"2022-04-01",
            "time":"12:45:29 am",
            "status":"Open"

        },
        {
            "image":"btc.png",
            "currency":"BTC/USDT",   
            "quantity":"10 BTC",
            "Failed":"10.000",
            "price":"0.4551",
            "cur_price":"0.452",
            "date":"2022-04-01",
            "time":"12:45:29 am",
            "status":"Failed"

        }
    ],
    "Margin_HistoryData":[
        {
            "date":"2022-04-01",
            "pairs":"BTC/USDT",
            "type":"-",
            "side":"-",
            "average":"-",
            "price":"-",
            "executed":"-",
            "amount":"-",
            "total":"-",
            "status":"-"
        }
    ],
    "Future_HistoryData":[
        {
            "pairs":"BTC/USDT",
            "type":"-",
            "side":"-",
            "Leverage":"-",
            "price":"-",
            "stop_price":"-",
            "avg_price":"-",
            "total":"-",
            "status":"-",
            "time":"-"
        }
    ]
}