{
    "Ticket_ListData":[
    {
        "s_num":"1",
        "ticket_type":"Test",
        "title":"title",
        "name":"name",
        "mail":"Admin12@gmail.com",
        "generated_date":"2022-04-01",
        "generated_time":"12:45:29 am",
        "status":"Open"
    
    },
    {
        "s_num":"2",
        "ticket_type":"Test",
        "title":"title",
        "name":"name",
        "mail":"Admin12@gmail.com",
        "generated_date":"2022-04-01",
        "generated_time":"12:45:29 am",
        "status":"Open"
    
    },
    {
        "s_num":"3",
        "ticket_type":"Test",
        "title":"title",
        "name":"name",
        "mail":"Admin12@gmail.com",
        "generated_date":"2022-04-01",
        "generated_time":"12:45:29 am",
        "status":"Open"
    
    },
    {
        "s_num":"4",
        "ticket_type":"Test",
        "title":"title",
        "name":"name",
        "mail":"Admin12@gmail.com",
        "generated_date":"2022-04-01",
        "generated_time":"12:45:29 am",
        "status":"Open"
    
    },
    {
        "s_num":"5",
        "ticket_type":"Test",
        "title":"title",
        "name":"name",
        "mail":"Admin12@gmail.com",
        "generated_date":"2022-04-01",
        "generated_time":"12:45:29 am",
        "status":"Open"
    
    },
    {
        "s_num":"6",
        "ticket_type":"Test",
        "title":"title",
        "name":"name",
        "mail":"Admin12@gmail.com",
        "generated_date":"2022-04-01",
        "generated_time":"12:45:29 am",
        "status":"Open"
    
    }
]
}